"1438042986423_95_20150728002306-00125-ip-10-236-191-2_88435628_5 0","PoliticalParty"
"1438042989018_40_20150728002309-00067-ip-10-236-191-2_57714692_2 0","Cricketer"
"1438042989043_35_20150728002309-00287-ip-10-236-191-2_875026214_2 0","Mountain"
"68779923_2_1000046510804975562 4","GovernmentType"
"68779923_2_1000046510804975562 0","Country"
"68779923_2_1000046510804975562 3","City"
"68779923_2_1000046510804975562 5","Language"
"71137051_0_8039724067857124984 0","Bird"
"39650055_5_7135804139753401681 1","Company"
"64207896_0_3206705146602325658 0","Monarch"
"90593344_0_8311455501234425088 1","Mountain"
"41839679_0_3009344178474568371 1","Monarch"
"12125836_0_1134348206297032434 1","RadioStation"
"2066887_0_746204117268168398 0","Saint"
"24859353_0_7027810986004269522 1","Country"
"24859353_0_7027810986004269522 3","Currency"
"37856682_0_6818907050314633217 0","AdministrativeRegion"
"29414811_13_8724394428539174350 2","Genre"
"29414811_13_8724394428539174350 1","VideoGame"
"29414811_13_8724394428539174350 4","Company"
"55961337_0_6548713781034932742 1","Currency"
"55961337_0_6548713781034932742 0","Country"
"5873256_0_7795190905731964989 1","Airline"
"12183399_0_6725061928072492226 0","Country"
"12183399_0_6725061928072492226 3","Currency"
"77632062_0_2292892375652659825 2","Country"
"77632062_0_2292892375652659825 1","City"
"77632062_0_2292892375652659825 5","Mayor"
"41648740_0_6959523681065295632 0","Country"
"54773498_0_4341462266113591159 0","Building"
"54773498_0_4341462266113591159 2","Country"
"54773498_0_4341462266113591159 1","City"
"19654359_0_3020273135042459469 1","Airport"
"19654359_0_3020273135042459469 2","City"
"70515524_0_5425995199745290007 0","Monarch"
"79966524_0_1484492112455633784 3","PopulatedPlace"
"79966524_0_1484492112455633784 0","Animal"
"77694908_0_6083291340991074532 3","Person"
"77694908_0_6083291340991074532 1","Film"
"8286121_0_8471791395229161598 0","Country"
"8286121_0_8471791395229161598 1","City"
"40844462_1_6230938203735169234 1","Film"
"40844462_1_6230938203735169234 3","Person"
"40534006_0_4617468856744635526 1","Wrestler"
"34041816_1_4749054164534706977 2","City"
"34041816_1_4749054164534706977 1","Airport"
"35188621_0_6058553107571275232 3","Person"
"35188621_0_6058553107571275232 1","Film"
"28423212_0_2742990779532526553 0","Company"
"76275868_0_4528346580716713695 0","Country"
"73988811_0_2775758476756716904 1","Person"
"73988811_0_2775758476756716904 0","Film"
"74718406_0_3914457597478137388 2","City"
"74718406_0_3914457597478137388 1","Airport"
"38390205_1_8150763005563658139 1","City"
"38390205_1_8150763005563658139 2","Hospital"
"38390205_1_8150763005563658139 0","AdministrativeRegion"
"12151277_0_1262954734066545952 1","Hospital"
"64734047_0_5880705307495695536 1","Country"
"64734047_0_5880705307495695536 0","Hospital"
"38732532_0_1420803645394505878 0","Monarch"
"76373906_0_6904594838446307331 0","PoliticalParty"
"4501311_8_8306082458935575308 1","VideoGame"
"4501311_8_8306082458935575308 3","Company"
"47709681_0_4437772923903322343 1","Genre"
"47709681_0_4437772923903322343 0","VideoGame"
"12193237_0_8699643798888088574 3","Language"
"12193237_0_8699643798888088574 2","Currency"
"12193237_0_8699643798888088574 1","City"
"12193237_0_8699643798888088574 0","Country"
"9686394_0_5980699488362107028 1","Airport"
"9686394_0_5980699488362107028 2","City"
"24142265_0_4577466141408796359 5","VideoGame"
"53989675_0_8697482470743954630 0","Lake"
"19361188_0_1640726405141876003 0","Mountain"
"43226272_0_5995103035300388365 2","City"
"43226272_0_5995103035300388365 1","Hospital"
"3887681_0_7938589465814037992 5","AdministrativeRegion"
"3887681_0_7938589465814037992 0","Lake"
"78005071_0_8643954006825971723 0","PoliticalParty"
"13719111_1_5719401842463579519 0","Bird"
"84548468_0_5955155464119382182 1","Film"
"84548468_0_5955155464119382182 3","Person"
"33401079_0_9127583903019856402 0","Person"
"41819807_0_3139249984404131679 0","Lake"
"41819807_0_3139249984404131679 1","AdministrativeRegion"
"63450419_0_8012592961815711786 1","Plant"
"32051842_5_1757891723986774036 1","Museum"
"32051842_5_1757891723986774036 2","City"
"88732174_0_7321365014357502211 3","SportsTeam"
"88732174_0_7321365014357502211 1","BaseballPlayer"
"98312357_0_6395417306876145729 0","Monarch"
"98312357_0_6395417306876145729 4","Person"
"75154185_0_1607627349983289012 5","Mayor"
"75154185_0_1607627349983289012 2","Country"
"75154185_0_1607627349983289012 1","City"
"74685423_0_8061289760697103949 0","Bird"
"4444204_0_951426790527152756 1","City"
"4444204_0_951426790527152756 5","Mayor"
"4444204_0_951426790527152756 2","Country"
"39107734_2_2329160387535788734 1","Airport"
"39107734_2_2329160387535788734 2","City"
"21329809_0_5526008408364682899 1","City"
"21329809_0_5526008408364682899 5","Mayor"
"21329809_0_5526008408364682899 2","Country"
"8009320_0_5507755752653817624 0","Country"
"90723763_0_874013697986950454 1","Company"
"86297395_0_6919201319699354263 0","Country"
"86297395_0_6919201319699354263 5","GovernmentType"
"29021592_4_4348860179678308511 0","Monarch"
"11688006_0_8123036130090004213 1","Country"
"25404227_0_2240631045609013057 3","Person"
"25404227_0_2240631045609013057 1","Film"
"37541068_1_1156932518917623732 1","BaseballPlayer"
"79327346_0_5787863739697336601 1","Country"
"79327346_0_5787863739697336601 2","City"
"79327346_0_5787863739697336601 3","City"
"39759273_0_1427898308030295194 1","Film"
"39759273_0_1427898308030295194 3","Person"
"14380604_4_3329235705746762392 2","PopulatedPlace"
"14380604_4_3329235705746762392 1","Company"
"26310680_0_5150772059999313798 1","Currency"
"26310680_0_5150772059999313798 0","Country"
"71840765_0_6664391841933033844 0","Lake"
"12271141_0_8517913935669973086 0","Company"
"29414811_2_4773219892816395776 2","Genre"
"29414811_2_4773219892816395776 1","VideoGame"
"29414811_2_4773219892816395776 4","Company"
"45073662_0_3179937335063201739 1","BaseballPlayer"
"29412826_0_3422707769191426540 0","Museum"
"29412826_0_3422707769191426540 1","City"
"29412826_0_3422707769191426540 2","AdministrativeRegion"
"19272019_0_1508498249156534553 1","City"
"19272019_0_1508498249156534553 0","University"
"37815699_0_8391788584341609964 1","Person"
"41480166_0_6681239260286218499 0","Saint"
"6869358_0_1379459120563510331 3","Writer"
"6869358_0_1379459120563510331 1","Novel"
"55238374_0_3379409961751009152 1","City"
"55238374_0_3379409961751009152 0","Country"
"61121469_0_6337620713408906340 1","City"
"61121469_0_6337620713408906340 0","Country"
"41194422_0_7231546114369966811 1","Country"
"10630177_0_4831842476649004753 2","Building"
"10630177_0_4831842476649004753 3","City"
"67865873_0_8259587610208037357 1","Country"
"51741865_0_9203644246202164492 1","RadioStation"
"20135078_0_7570343137119682530 3","Person"
"20135078_0_7570343137119682530 1","Film"
"50245608_0_871275842592178099 4","Writer"
"50245608_0_871275842592178099 0","Film"
"50245608_0_871275842592178099 3","Person"
"21337553_0_8832378999628437599 3","Mountain"
"21337553_0_8832378999628437599 1","Mountain"
"1614988_0_8789868670151796042 0","Scientist"
"43469354_0_6029017163991310319 5","Mayor"
"43469354_0_6029017163991310319 1","City"
"43469354_0_6029017163991310319 2","Country"
"11833461_1_3811022039809817402 1","Company"
"11833461_1_3811022039809817402 0","VideoGame"
"38428277_0_1311643810102462607 3","Person"
"38428277_0_1311643810102462607 1","Film"
"54719588_0_8417197176086756912 4","Country"
"54719588_0_8417197176086756912 5","Person"
"54719588_0_8417197176086756912 3","Film"
"52208141_2_5171684379987586712 1","Museum"
"52208141_2_5171684379987586712 2","City"
"14311244_0_7604843865524657408 2","MountainRange"
"14311244_0_7604843865524657408 0","Mountain"
"9567241_0_5666388268510912770 1","Newspaper"
"28646774_0_3256889721737611537 0","PoliticalParty"
"16767252_0_2409448375013995751 3","Person"
"16767252_0_2409448375013995751 1","Film"
"24417511_0_3058323105166963431 1","BaseballPlayer"
"86627271_6_2239821927452848323 0","Lake"
"53583534_0_503521622577229691 1","Building"
"53583534_0_503521622577229691 2","City"
"57943722_0_8666078014685775876 1","City"
"57943722_0_8666078014685775876 0","Country"
"70404164_0_5498195978476333642 2","Country"
"70404164_0_5498195978476333642 1","City"
"70404164_0_5498195978476333642 5","Mayor"
"3962429_0_3452614694863053249 1","Hotel"
"29414811_12_251152470253168163 2","Genre"
"29414811_12_251152470253168163 1","VideoGame"
"29414811_12_251152470253168163 4","Company"
"96203994_0_2127964719640427252 0","Company"
"64499281_8_7181683886563136802 2","City"
"64499281_8_7181683886563136802 1","Museum"
"57938705_0_8737506792349461963 4","Genre"
"57938705_0_8737506792349461963 1","VideoGame"
"57938705_0_8737506792349461963 5","Company"
"21333456_2_1886495893795687264 0","Scientist"
"68442591_0_8506821153001360777 1","Agent"
"68442591_0_8506821153001360777 0","Hospital"
"45593932_0_6869375743660252130 2","Scientist"
"92896255_0_4593968708343548527 0","Plant"
"22864497_0_8632623712684511496 0","VideoGame"
"22864497_0_8632623712684511496 1","Company"
"39606331_0_1646213676302448706 0","PoliticalParty"
"28079336_2_2139598421036200532 1","Company"
"32812626_0_5428724146873158593 0","Hospital"
"11278409_0_3742771475298785475 1","Company"
"28494901_6_7026744149694237309 0","Scientist"
"3917335_0_7791699395300625164 0","Country"
"3917335_0_7791699395300625164 1","City"
"24850757_0_5978004733768297283 0","Country"
"98458255_0_5873264818593370400 0","AcademicJournal"
"98458255_0_5873264818593370400 5","Non-ProfitOrganisation"
"44005578_0_5400481538370055338 0","PoliticalParty"
"28154036_0_909001972154294543 0","PoliticalParty"
"4730513_0_8573199053866072336 1","Scientist"
"49801939_0_6964113429298874283 2","MountainRange"
"49801939_0_6964113429298874283 0","Mountain"
"62564020_0_3836030043284699244 0","Animal"
"62564020_0_3836030043284699244 5","Animal"
"62564020_0_3836030043284699244 3","Person"
"9834884_0_3871985887467090123 2","Country"
"9834884_0_3871985887467090123 1","Museum"
"34899692_0_6530393048033763438 1","Currency"
"34899692_0_6530393048033763438 0","Country"
"49087820_0_461228320225084868 0","Country"
"49087820_0_461228320225084868 1","Currency"
"33242247_1_7232384061498591611 0","PoliticalParty"
"10151359_0_8168779773862259178 0","Book"
"10151359_0_8168779773862259178 1","Writer"
"36039980_4_4283009829602711082 1","Mountain"
"36039980_4_4283009829602711082 3","Mountain"
"9206866_1_8114610355671172497 0","Country"
"54112392_0_160015365721559357 1","Place"
"54112392_0_160015365721559357 0","Lake"
"28036255_0_5705563063166785494 0","Mountain"
"28036255_0_5705563063166785494 2","Country"
"61069974_0_1894536874590565102 0","Country"
"61069974_0_1894536874590565102 1","Currency"
"25933880_0_4058554985574416690 0","Wrestler"
"51130304_0_3035822254995425429 0","Monarch"
"39173938_0_7916056990138658530 1","Film"
"39173938_0_7916056990138658530 3","Person"
"70883081_0_5357790421435123524 0","PoliticalParty"
"74491133_0_7177831100884797849 1","City"
"74491133_0_7177831100884797849 0","Country"
"66329615_0_3585856495110277641 3","Company"
"66329615_0_3585856495110277641 1","VideoGame"
"64092785_0_4696367782987533337 0","Company"
"63389809_0_8179819543692215824 0","Company"
"68779923_5_2067037721454758189 4","GovernmentType"
"68779923_5_2067037721454758189 3","City"
"68779923_5_2067037721454758189 0","Country"
"68779923_5_2067037721454758189 5","Language"
"29857217_0_961038783966485949 0","Newspaper"
"66009064_0_9148652238372261251 2","SportsTeam"
"66009064_0_9148652238372261251 0","BaseballPlayer"
"29414811_6_8221428333921653560 2","Genre"
"29414811_6_8221428333921653560 4","Company"
"29414811_6_8221428333921653560 1","VideoGame"
"60319454_0_3938426910282115527 0","Animal"
"99070098_0_2074872741302696997 1","Mountain"
"21245481_0_8730460088443117515 0","AdministrativeRegion"
"21245481_0_8730460088443117515 1","Lake"
"18422942_0_3659164506677528063 1","Singer"
"18422942_0_3659164506677528063 0","Song"
"18422942_0_3659164506677528063 2","MusicGenre"
"13357355_0_5384862281417742530 0","FictionalCharacter"
"28079336_1_3124145965038277571 1","Company"
"28079336_1_3124145965038277571 2","Country"
"16949304_0_2573050770332101882 0","Hospital"
"56224555_0_3713922722778385817 2","Country"
"56224555_0_3713922722778385817 1","Company"
"91959037_0_7907661684242014480 1","VideoGame"
"21362676_0_6854186738074119688 3","Person"
"21362676_0_6854186738074119688 1","Film"
"44206774_0_3810538885942465703 1","GolfPlayer"
"89511064_0_2199624509082573904 0","Continent"
"89511064_0_2199624509082573904 2","Country"
"89511064_0_2199624509082573904 3","City"
"86747932_0_7532457067740920052 1","Airline"
"41194422_1_1172256090552737974 1","Country"
"69381058_0_984708047398578866 2","Country"
"69381058_0_984708047398578866 0","Mountain"
"69381058_0_984708047398578866 3","Continent"
"48944826_0_2321751364268052533 2","VideoGame"
"48944826_0_2321751364268052533 3","Genre"
"93702496_0_39013305210829591 1","Company"
"93702496_0_39013305210829591 3","Person"
"32460905_0_5195150472060854231 0","Hospital"
"48456557_0_3760853481322708783 0","Animal"
"52572391_0_8684896999787304275 0","Company"
"68779923_4_1832350971585698643 5","Language"
"68779923_4_1832350971585698643 4","GovernmentType"
"68779923_4_1832350971585698643 3","City"
"68779923_4_1832350971585698643 0","Country"
"9475172_1_1023126399856690702 1","TelevisionShow"
"90196673_0_5458330029110291950 0","Animal"
"21801207_0_8144839668470123042 6","Company"
"21801207_0_8144839668470123042 7","Company"
"21801207_0_8144839668470123042 8","Company"
"21801207_0_8144839668470123042 5","VideoGame"
"27466715_0_3913547177671701530 2","Company"
"27466715_0_3913547177671701530 3","Company"
"27466715_0_3913547177671701530 7","Genre"
"27466715_0_3913547177671701530 0","VideoGame"
"26270372_1_3774607938887520564 0","Monarch"
"91474256_0_964747655387573523 5","Mayor"
"91474256_0_964747655387573523 2","Country"
"91474256_0_964747655387573523 1","City"
"88353875_0_4876234304797064286 0","Mountain"
"88353875_0_4876234304797064286 3","MountainRange"
"78650283_0_5937576517849452289 1","Currency"
"78650283_0_5937576517849452289 0","Country"
"50270082_0_444360818941411589 1","BaseballPlayer"
"88523363_0_8180214313099580515 0","Plant"
"88523363_0_8180214313099580515 2","Eukaryote"
"69881946_0_1105130426898457358 1","Film"
"69881946_0_1105130426898457358 3","Person"
"53822652_0_5767892317858575530 3","Person"
"53822652_0_5767892317858575530 1","Film"
"55004961_0_2904467548072189860 0","Country"
"55004961_0_2904467548072189860 1","City"
"21585935_0_294037497010176843 1","Airport"
"21585935_0_294037497010176843 2","City"
"10579449_0_1681126353774891032 1","Newspaper"
"1146722_1_7558140036342906956 0","Mountain"
"68779923_1_3240042497463101224 4","GovernmentType"
"68779923_1_3240042497463101224 5","Language"
"68779923_1_3240042497463101224 0","Country"
"68779923_1_3240042497463101224 3","City"
"80184932_0_4240003884724905487 1","Company"
"90325533_0_6668263142989366843 0","Hospital"
"90325533_0_6668263142989366843 2","City"
"98929678_0_3700213490979945526 0","Lake"
"98929678_0_3700213490979945526 2","Country"
"98929678_0_3700213490979945526 1","AdministrativeRegion"
"29021592_3_2299138476894681059 0","Monarch"
"75367212_2_2745466355267233390 0","VideoGame"
"75367212_2_2745466355267233390 1","Company"
"75367212_2_2745466355267233390 2","Company"
"22987653_0_7774852112768859306 1","Scientist"
"76836443_2_249332777049648171 0","Scientist"
"72017594_0_7055198579167316152 0","Museum"
"30645756_0_2413317245475669227 0","PoliticalParty"
"55027702_0_628532586316851176 0","Lake"
"61753761_9_4735181228515289890 2","City"
"61753761_9_4735181228515289890 1","Museum"
"36102169_0_7739454799295072814 1","Company"
"36102169_0_7739454799295072814 2","VideoGame"
"46671561_0_6122315295162029872 0","VideoGame"
"46671561_0_6122315295162029872 1","Genre"
"43237185_1_3636357855502246981 3","Scientist"
"43237185_1_3636357855502246981 2","EducationalInstitution"
"43237185_1_3636357855502246981 0","Scientist"
"61626303_0_266372209664087642 1","RadioStation"
"30166286_0_1837439231599898748 2","Scientist"
"30166286_0_1837439231599898748 0","NobelPrize"
"29886325_0_1448173912684571475 5","Mayor"
"29886325_0_1448173912684571475 2","Country"
"29886325_0_1448173912684571475 1","City"
"19073331_0_2742992342272078110 0","PoliticalParty"
"13395751_3_369722706637560735 0","Lake"
"45533669_1_7463037039059239824 2","PopulatedPlace"
"45533669_1_7463037039059239824 0","RadioStation"
"45533669_1_7463037039059239824 1","RadioStation"
"80588006_0_6965325215443683359 1","Newspaper"
"52299421_0_4473286348258170200 1","Country"
"5972322_0_3150366936082777235 0","PoliticalParty"
"28086084_0_3127660530989916727 0","Saint"
"58891288_0_1117541047012405958 1","Film"
"58891288_0_1117541047012405958 3","Person"
"78891639_0_3299957631631122948 2","Country"
"78891639_0_3299957631631122948 5","Mayor"
"78891639_0_3299957631631122948 1","City"
"24036779_0_5608105867560183058 5","GovernmentType"
"24036779_0_5608105867560183058 0","Country"
"42764224_0_515744189130384109 0","PoliticalParty"
"69537082_0_7789694313271016902 1","Country"
"73242003_5_4847571983313033360 3","Company"
"73242003_5_4847571983313033360 1","VideoGame"
"84575189_0_6365692015941409487 2","AcademicJournal"
"46646666_0_5802598112171303204 0","RadioStation"
"46646666_0_5802598112171303204 2","City"
"3389822_6_374624044314151266 1","Mountain"
"11599512_1_280388135214354946 2","Continent"
"11599512_1_280388135214354946 1","Country"
"11599512_1_280388135214354946 3","City"
"28993628_1_6072768612274729703 1","Mountain"
"28993628_1_6072768612274729703 3","AdministrativeRegion"
"84675086_0_6386416780680710863 0","Bird"
"15700884_0_8204220284166767221 0","Company"
"93078729_0_1451251196788678526 2","Place"
"93078729_0_1451251196788678526 0","Lake"
"12746760_0_6703465836620308483 0","PoliticalParty"
"7929299_0_3253718003116029649 1","Airport"
"7929299_0_3253718003116029649 2","City"
"33167985_0_5220049369716352813 3","Mammal"
"33167985_0_5220049369716352813 0","Mammal"
"97941125_0_8220652154649529701 1","Currency"
"97941125_0_8220652154649529701 0","Country"
"8468806_0_4382447409703007384 1","Lake"
"8468806_0_4382447409703007384 2","Country"
"49772588_0_6549847739640234347 5","Diocese"
"49772588_0_6549847739640234347 4","Country"
"14067031_0_559833072073397908 1","Language"
"14067031_0_559833072073397908 7","Currency"
"14067031_0_559833072073397908 0","Country"
"14067031_0_559833072073397908 5","City"
"48805028_0_8933391169600128370 0","Bird"
"41336118_0_4331895026409635103 0","Company"
"68779923_0_3859283110041832023 5","Language"
"68779923_0_3859283110041832023 4","GovernmentType"
"68779923_0_3859283110041832023 0","Country"
"68779923_0_3859283110041832023 3","City"
